image_path,Sampling_Date,State,Species,Pre_GSHH_NDVI,Height_Ave_cm,Dry_Clover_g,Dry_Dead_g,Dry_Green_g,Dry_Total_g,GDM_g,sum_check,total_match,difference,Month,Season
train/ID1011485656.jpg,2015-09-04,Tas,Ryegrass_Clover,0.62,4.6667,0.0,31.9984,16.2751,48.2735,16.275,48.2735,True,0.0,9,Spring
train/ID1012260530.jpg,2015-04-01,NSW,Lucerne,0.55,16.0,0.0,0.0,7.6,7.6,7.6,7.6,True,0.0,4,Autumn
train/ID1025234388.jpg,2015-09-01,WA,SubcloverDalkeith,0.38,1.0,6.05,0.0,0.0,6.05,6.05,6.05,True,0.0,9,Spring
train/ID1028611175.jpg,2015-05-18,Tas,Ryegrass,0.66,5.0,0.0,30.9703,24.2376,55.2079,24.2376,55.2079,True,0.0,5,Autumn
train/ID1035947949.jpg,2015-09-11,Tas,Ryegrass,0.54,3.5,0.4343,23.2239,10.5261,34.1844,10.9605,34.1843,False,9.999999999621423e-05,9,Spring
train/ID1036339023.jpg,2015-09-30,Vic,Phalaris_Clover,0.82,7.0,23.0755,2.6135,32.191,57.88,55.2665,57.88,True,0.0,9,Spring
train/ID1049634115.jpg,2015-07-02,Vic,Ryegrass_Clover,0.72,2.0,1.5083,3.0167,13.575,18.1,15.0833,18.1,True,0.0,7,Winter
train/ID1051144034.jpg,2015-09-01,WA,SubcloverLosa,0.8,1.0,55.32,0.0,0.0,55.32,55.32,55.32,True,0.0,9,Spring
train/ID1052620238.jpg,2015-05-18,Tas,Ryegrass,0.68,5.0,0.0,11.2291,20.1707,31.3998,20.1707,31.3998,True,0.0,5,Autumn
train/ID105271783.jpg,2015-06-30,Vic,Phalaris_Clover,0.86,4.0,5.2698,8.5635,27.6667,41.5,32.9365,41.5,True,0.0,6,Winter
train/ID1053972079.jpg,2015-09-04,Tas,Clover,0.56,2.5,21.0801,7.9393,1.3688,30.3882,22.4489,30.3882,True,0.0,9,Spring
train/ID1058383417.jpg,2015-05-19,Tas,Ryegrass_Clover,0.62,2.0,0.1,9.5,13.1,22.7,13.2,22.7,True,0.0,5,Autumn
train/ID1062837331.jpg,2015-09-29,Vic,Ryegrass_Clover,0.82,9.0,19.98,3.9623,35.4077,59.35,55.3877,59.349999999999994,True,7.105427357601002e-15,9,Spring
train/ID1070112260.jpg,2015-01-15,NSW,Fescue_CrumbWeed,0.6,6.0,0.0,9.8765,22.1235,32.0,22.1235,32.0,True,0.0,1,Summer
train/ID1078930021.jpg,2015-06-26,Vic,Phalaris_Ryegrass_Clover,0.86,5.0,0.0,5.0189,32.9811,38.0,32.9811,38.0,True,0.0,6,Winter
train/ID1084819986.jpg,2015-09-04,Tas,Clover,0.69,3.1667,21.4551,13.0742,2.6819,37.2112,24.137,37.2112,True,0.0,9,Spring
train/ID1088965591.jpg,2015-04-01,NSW,Lucerne,0.89,43.0,0.0,0.3443,59.5557,59.9,59.5557,59.9,True,0.0,4,Autumn
train/ID1098771283.jpg,2015-11-09,Tas,Clover,0.48,2.6667,8.376,15.1673,0.4528,23.9961,8.8287,23.9961,True,0.0,11,Spring
train/ID1103883611.jpg,2015-02-24,NSW,Phalaris,0.48,26.0,0.0,12.9166,82.7834,95.7,82.7834,95.7,True,0.0,2,Summer
train/ID1108283583.jpg,2015-08-19,Vic,Phalaris_Ryegrass_Clover,0.83,5.5,5.773,7.2162,40.4108,53.4,46.1838,53.400000000000006,True,7.105427357601002e-15,8,Winter
train/ID1113121340.jpg,2015-09-30,Vic,Phalaris_Clover,0.8,16.0,0.2931,11.6271,82.6598,94.58,82.9529,94.58000000000001,True,1.4210854715202004e-14,9,Spring
train/ID1113329413.jpg,2015-06-29,Tas,WhiteClover,0.72,3.0,20.6523,21.1112,1.3768,43.1403,22.0291,43.1403,True,0.0,6,Winter
train/ID1119739385.jpg,2015-05-18,Tas,Ryegrass,0.28,4.0,0.0,3.0,6.8,9.8,6.8,9.8,True,0.0,5,Autumn
train/ID1119761112.jpg,2015-05-07,NSW,Fescue,0.42,4.0,0.0,32.4486,22.9514,55.4,22.9514,55.4,True,0.0,5,Autumn
train/ID1121692672.jpg,2015-02-24,NSW,Phalaris,0.52,38.0,0.0,1.3958,109.8042,111.2,109.8042,111.19999999999999,True,1.4210854715202004e-14,2,Summer
train/ID1127246618.jpg,2015-05-18,Tas,Ryegrass,0.77,7.0,3.0196,25.8824,32.3529,61.2549,35.3725,61.2549,True,0.0,5,Autumn
train/ID112966473.jpg,2015-08-14,Vic,Ryegrass_Clover,0.74,3.0,11.2,2.8,19.6,33.6,30.8,33.6,True,0.0,8,Winter
train/ID1131079710.jpg,2015-11-09,Tas,Clover,0.57,1.5,15.4794,11.119,1.5261,28.1246,17.0055,28.124499999999998,False,0.00010000000000331966,11,Spring
train/ID1136169672.jpg,2015-05-18,Tas,Ryegrass,0.62,5.0,0.0,6.808,16.3107,23.1187,16.3108,23.1187,True,0.0,5,Autumn
train/ID1139866256.jpg,2015-05-07,NSW,Fescue,0.66,13.0,0.0,83.8407,74.0593,157.9,74.0593,157.89999999999998,True,2.842170943040401e-14,5,Autumn
train/ID1139918758.jpg,2015-08-21,WA,Clover,0.79,3.0,58.34,0.0,0.0,58.34,58.34,58.34,True,0.0,8,Winter
train/ID1140993511.jpg,2015-08-14,Vic,Ryegrass_Clover,0.71,2.0,4.6,2.3,16.1,23.0,20.7,23.0,True,0.0,8,Winter
train/ID1148528732.jpg,2015-08-18,Vic,Phalaris_Clover,0.86,3.2,12.4113,0.0,28.0887,40.5,40.5,40.5,True,0.0,8,Winter
train/ID1148666289.jpg,2015-06-26,Vic,Phalaris_Ryegrass_Clover,0.81,3.5,4.0923,14.3231,21.4846,39.9,25.5769,39.9,True,0.0,6,Winter
train/ID1149598723.jpg,2015-05-07,NSW,Lucerne,0.87,43.0,0.0,5.3831,58.3169,63.7,58.3169,63.699999999999996,True,7.105427357601002e-15,5,Autumn
train/ID1159071020.jpg,2015-09-30,Vic,Phalaris_Clover,0.74,7.0,1.3191,6.7982,46.5727,54.69,47.8918,54.69,True,0.0,9,Spring
train/ID1163061745.jpg,2015-06-29,Tas,WhiteClover,0.5,2.0,5.2,6.7,1.2,13.1,6.4,13.1,True,0.0,6,Winter
train/ID1168534540.jpg,2015-05-07,NSW,Fescue,0.86,9.0,0.0,8.6892,55.6108,64.3,55.6108,64.3,True,0.0,5,Autumn
train/ID1176292407.jpg,2015-06-26,Tas,Ryegrass_Clover,0.5,3.0,0.1308,16.7365,9.022,25.8893,9.1528,25.8893,True,0.0,6,Winter
train/ID1182523622.jpg,2015-06-29,Tas,WhiteClover,0.48,2.0,3.1059,14.7193,0.6752,18.5004,3.7811,18.500400000000003,True,3.552713678800501e-15,6,Winter
train/ID1183807388.jpg,2015-07-01,Tas,Ryegrass,0.7,5.0,0.0,20.9156,20.9156,41.8312,20.9156,41.8312,True,0.0,7,Winter
train/ID1193692654.jpg,2015-09-11,Tas,Ryegrass,0.69,3.1667,0.2727,6.3317,13.4232,20.0276,13.6959,20.0276,True,0.0,9,Spring
train/ID1199150612.jpg,2015-11-10,Tas,Ryegrass_Clover,0.62,5.5,0.3602,40.7019,27.0146,68.0767,27.3748,68.0767,True,0.0,11,Spring
train/ID1208644039.jpg,2015-07-01,Vic,Phalaris_Clover,0.79,5.0,1.55,7.75,31.0,40.3,32.55,40.3,True,0.0,7,Winter
train/ID1211362607.jpg,2015-02-24,NSW,Ryegrass,0.58,7.0,0.0,1.3446,66.5554,67.9,66.5554,67.9,True,0.0,2,Summer
train/ID121331988.jpg,2015-05-07,NSW,Fescue,0.75,8.0,0.0,21.05,63.15,84.2,63.15,84.2,True,0.0,5,Autumn
train/ID1215977190.jpg,2015-05-18,Tas,Ryegrass,0.74,5.0,0.4068,24.8123,30.1002,55.3193,30.507,55.3193,True,0.0,5,Autumn
train/ID1217108125.jpg,2015-06-29,Tas,WhiteClover,0.62,2.0,5.9027,8.0594,0.6811,14.6432,6.5838,14.6432,True,0.0,6,Winter
train/ID1237349078.jpg,2015-10-13,Vic,Phalaris_BarleyGrass_SilverGrass_SpearGrass_Clover_Capeweed,0.38,2.5,3.189,26.221,9.39,38.8,12.579,38.8,True,0.0,10,Spring
train/ID12390962.jpg,2015-05-18,Tas,Ryegrass,0.56,5.0,0.0,15.2,14.0,29.2,14.0,29.2,True,0.0,5,Autumn
train/ID1244346858.jpg,2015-10-06,NSW,Fescue,0.45,12.3333,0.0,30.9343,49.2657,80.2,49.2657,80.2,True,0.0,10,Spring
train/ID1249094008.jpg,2015-06-26,Vic,Ryegrass,0.71,4.0,0.0,16.3603,4.5809,20.9412,4.5809,20.9412,True,0.0,6,Winter
train/ID1251029854.jpg,2015-05-07,NSW,Fescue,0.55,5.0,0.0,22.0875,36.8125,58.9,36.8125,58.9,True,0.0,5,Autumn
train/ID1254829053.jpg,2015-06-26,Vic,Ryegrass,0.69,4.5,0.0,10.2162,4.2568,14.473,4.2568,14.473,True,0.0,6,Winter
train/ID1268934251.jpg,2015-10-13,Vic,Phalaris_BarleyGrass_SilverGrass_SpearGrass_Clover_Capeweed,0.42,3.3,0.0,24.7869,17.2131,42.0,17.2131,42.0,True,0.0,10,Spring
train/ID1275072698.jpg,2015-01-15,NSW,Lucerne,0.74,42.0,0.0,2.5,62.0,64.5,62.0,64.5,True,0.0,1,Summer
train/ID1277756619.jpg,2015-07-01,Tas,Ryegrass,0.4,3.0,0.0,3.2,6.0,9.2,6.0,9.2,True,0.0,7,Winter
train/ID1291116815.jpg,2015-07-02,Vic,Ryegrass_Clover,0.76,3.0,1.24,3.72,19.84,24.8,21.08,24.8,True,0.0,7,Winter
train/ID1294770420.jpg,2015-11-09,Tas,Ryegrass_Clover,0.59,3.3333,17.3814,36.1534,14.6004,68.1352,31.9818,68.1352,True,0.0,11,Spring
train/ID1314135397.jpg,2015-01-15,NSW,Fescue_CrumbWeed,0.75,6.0,0.0,16.6678,28.0322,44.7,28.0322,44.7,True,0.0,1,Summer
train/ID13162390.jpg,2015-08-14,Vic,Ryegrass_Clover,0.74,3.0,2.8667,2.8667,20.0667,25.8,22.9333,25.8001,False,9.999999999976694e-05,8,Winter
train/ID1337107565.jpg,2015-08-21,WA,Clover,0.39,1.0,10.04,0.0,0.0,10.04,10.04,10.04,True,0.0,8,Winter
train/ID1343327476.jpg,2015-08-14,Vic,Phalaris_Clover,0.71,5.0,3.1429,3.1429,37.7143,44.0,40.8571,44.0001,False,0.00010000000000331966,8,Winter
train/ID1345375788.jpg,2015-06-26,Tas,Ryegrass_Clover,0.6,3.0,2.3762,7.7226,8.7127,18.8115,11.0889,18.811500000000002,True,3.552713678800501e-15,6,Winter
train/ID135365668.jpg,2015-06-26,Vic,Phalaris_Ryegrass_Clover,0.74,3.0,2.4,1.8667,17.3333,21.6,19.7333,21.6,True,0.0,6,Winter
train/ID1354190372.jpg,2015-11-10,Tas,Ryegrass_Clover,0.67,3.0,11.2565,6.5255,10.6039,28.3859,21.8604,28.3859,True,0.0,11,Spring
train/ID1357758282.jpg,2015-01-15,NSW,Lucerne,0.77,62.0,0.0,4.8,107.3,112.1,107.3,112.1,True,0.0,1,Summer
train/ID1357768767.jpg,2015-02-25,NSW,Fescue,0.68,15.0,0.0,5.4497,104.1503,109.6,104.1503,109.6,True,0.0,2,Summer
train/ID1370004842.jpg,2015-10-06,NSW,Fescue,0.55,9.6667,0.0,21.9986,55.8014,77.8,55.8014,77.8,True,0.0,10,Spring
train/ID1374789439.jpg,2015-07-01,Vic,Phalaris_Clover,0.74,4.0,1.3556,1.3556,21.6889,24.4,23.0444,24.400100000000002,False,0.00010000000000331966,7,Winter
train/ID1385921939.jpg,2015-05-07,NSW,Lucerne,0.79,32.0,0.0,6.8243,43.6757,50.5,43.6757,50.5,True,0.0,5,Autumn
train/ID1386202352.jpg,2015-05-19,Tas,Ryegrass_Clover,0.86,5.0,0.0,12.1549,35.0834,47.2383,35.0834,47.238299999999995,True,7.105427357601002e-15,5,Autumn
train/ID1395011773.jpg,2015-10-13,Vic,Phalaris_BarleyGrass_SilverGrass_SpearGrass_Clover_Capeweed,0.52,3.2,10.0895,11.9667,13.8438,35.9,23.9333,35.9,True,0.0,10,Spring
train/ID1403078396.jpg,2015-09-04,Tas,Clover,0.42,2.3333,5.3,8.3,1.5,15.1,6.8,15.100000000000001,True,1.7763568394002505e-15,9,Spring
train/ID1403107574.jpg,2015-08-21,WA,Clover,0.54,1.0,22.69,0.0,0.0,22.69,22.69,22.69,True,0.0,8,Winter
train/ID1411613934.jpg,2015-10-13,Vic,Phalaris_BarleyGrass_SilverGrass_SpearGrass_Clover_Capeweed,0.49,3.3,6.8937,17.8286,16.8777,41.6,23.7714,41.6,True,0.0,10,Spring
train/ID141370843.jpg,2015-08-14,Vic,Ryegrass_Clover,0.72,4.0,5.6182,5.6182,19.6636,30.9,25.2818,30.9,True,0.0,8,Winter
train/ID1413758094.jpg,2015-09-04,Tas,Ryegrass_Clover,0.54,5.0,0.8746,46.0532,17.5601,64.4879,18.4347,64.4879,True,0.0,9,Spring
train/ID1414371018.jpg,2015-11-10,Tas,Ryegrass_Clover,0.72,3.1667,14.7281,6.1901,12.3801,33.2982,27.1082,33.2983,False,9.999999999621423e-05,11,Spring
train/ID1415329644.jpg,2015-04-01,NSW,Lucerne,0.83,38.0,0.0,0.0,63.3,63.3,63.3,63.3,True,0.0,4,Autumn
train/ID1421714468.jpg,2015-09-04,Tas,Ryegrass_Clover,0.85,4.5,0.0,36.581,26.6001,63.1811,26.6,63.1811,True,0.0,9,Spring
train/ID142751858.jpg,2015-09-29,Vic,Ryegrass_Clover,0.81,5.0,15.3953,2.417,33.2077,51.02,48.603,51.02,True,0.0,9,Spring
train/ID1428837636.jpg,2015-06-29,Tas,WhiteClover,0.7,3.0,10.1663,19.1366,3.8871,33.1901,14.0535,33.19,False,0.00010000000000331966,6,Winter
train/ID1437386574.jpg,2015-09-30,Vic,Phalaris_Clover,0.75,6.0,5.0001,3.7122,44.1677,52.88,49.1678,52.88,True,0.0,9,Spring
train/ID1444674500.jpg,2015-07-08,WA,Clover,0.43,1.0,11.64,0.0,3.5,15.14,15.14,15.14,True,0.0,7,Winter
train/ID1450399782.jpg,2015-09-11,Tas,Ryegrass,0.86,5.8333,0.1901,19.082,38.202,57.4741,38.3921,57.4741,True,0.0,9,Spring
train/ID1451025862.jpg,2015-11-10,Tas,Ryegrass_Clover,0.53,2.8333,5.3,4.3,6.9,16.5,12.2,16.5,True,0.0,11,Spring
train/ID1456861072.jpg,2015-06-26,Tas,Ryegrass_Clover,0.37,1.0,0.4,6.0,1.0,7.4,1.4,7.4,True,0.0,6,Winter
train/ID1457700382.jpg,2015-04-01,NSW,Lucerne,0.7,30.0,0.0,0.0,24.8,24.8,24.8,24.8,True,0.0,4,Autumn
train/ID1458758610.jpg,2015-10-06,NSW,Fescue,0.49,9.3333,0.0,50.2255,52.4745,102.7,52.4745,102.69999999999999,True,1.4210854715202004e-14,10,Spring
train/ID1463690813.jpg,2015-04-01,NSW,Lucerne,0.84,35.0,0.0,0.0,58.2,58.2,58.2,58.2,True,0.0,4,Autumn
train/ID146920896.jpg,2015-05-19,Tas,Ryegrass_Clover,0.36,2.0,0.5,0.4,6.6,7.5,7.1,7.5,True,0.0,5,Autumn
train/ID1471216911.jpg,2015-09-30,Vic,Phalaris_Clover,0.85,16.0,67.8977,11.4857,28.8667,108.25,96.7643,108.2501,False,0.00010000000000331966,9,Spring
train/ID1472525822.jpg,2015-01-15,NSW,Fescue_CrumbWeed,0.7,7.0,0.0,16.4891,30.3109,46.8,30.3109,46.8,True,0.0,1,Summer
train/ID1473228876.jpg,2015-01-15,NSW,Fescue_CrumbWeed,0.72,8.0,0.0,10.0135,28.0865,38.1,28.0865,38.1,True,0.0,1,Summer
train/ID1474775613.jpg,2015-05-18,Tas,Ryegrass,0.86,10.0,0.0,5.3604,44.3447,49.7051,44.3447,49.7051,True,0.0,5,Autumn
train/ID147528735.jpg,2015-01-15,NSW,Lucerne,0.74,52.0,0.0,3.0,53.5,56.5,53.5,56.5,True,0.0,1,Summer
train/ID1476045099.jpg,2015-08-14,Vic,Ryegrass_Clover,0.77,4.0,6.7778,3.3889,20.3333,30.5,27.1111,30.5,True,0.0,8,Winter
train/ID1477176296.jpg,2015-08-14,Vic,Ryegrass_Clover,0.77,4.0,1.8308,1.8308,20.1385,23.8,21.9692,23.8001,False,9.999999999976694e-05,8,Winter
train/ID1488408526.jpg,2015-02-25,NSW,Fescue,0.48,6.0,0.0,9.8969,28.5031,38.4,28.5031,38.4,True,0.0,2,Summer
train/ID1496750796.jpg,2015-08-14,Vic,Ryegrass_Clover,0.68,2.0,1.7727,5.3182,12.4091,19.5,14.1818,19.5,True,0.0,8,Winter
train/ID1498398599.jpg,2015-09-04,Tas,Clover,0.36,2.1667,11.0375,5.6471,1.2834,17.9681,12.321,17.968,False,9.999999999976694e-05,9,Spring
train/ID1509266870.jpg,2015-08-14,Vic,Ryegrass_Clover,0.77,4.0,2.775,2.775,27.75,33.3,30.525,33.3,True,0.0,8,Winter
train/ID1510574031.jpg,2015-10-14,Vic,Phalaris_Clover_Ryegrass_Barleygrass_Bromegrass,0.51,5.1667,7.2336,14.4672,19.4992,41.2,26.7328,41.2,True,0.0,10,Spring
train/ID1512751450.jpg,2015-09-11,Tas,Ryegrass,0.77,3.8333,0.3786,9.6678,19.656,29.7024,20.0346,29.702399999999997,True,3.552713678800501e-15,9,Spring
train/ID1513184765.jpg,2015-06-26,Tas,Ryegrass_Clover,0.41,1.0,0.0,5.0118,6.1574,11.1692,6.1574,11.1692,True,0.0,6,Winter
train/ID1515990019.jpg,2015-09-03,Tas,Ryegrass_Clover,0.41,2.1667,0.0,1.3,11.9,13.2,11.9,13.200000000000001,True,1.7763568394002505e-15,9,Spring
train/ID1516374298.jpg,2015-07-08,WA,Clover,0.3,1.0,9.0,0.0,1.7,10.7,10.7,10.7,True,0.0,7,Winter
train/ID152157478.jpg,2015-09-29,Vic,Ryegrass_Clover,0.84,17.0,35.1643,7.9034,64.3724,107.44,99.5366,107.4401,False,0.00010000000000331966,9,Spring
train/ID1525817840.jpg,2015-08-18,Vic,Phalaris_Clover,0.72,3.8,7.7677,32.3656,20.0667,60.2,27.8344,60.2,True,0.0,8,Winter
train/ID1540480250.jpg,2015-02-24,NSW,Phalaris,0.58,20.0,0.0,3.6485,116.7515,120.4,116.7515,120.39999999999999,True,1.4210854715202004e-14,2,Summer
train/ID1545077474.jpg,2015-11-09,Tas,Ryegrass_Clover,0.4,3.5,0.0,19.2,8.8,28.0,8.8,28.0,True,0.0,11,Spring
train/ID1547945326.jpg,2015-09-03,Tas,Ryegrass_Clover,0.74,2.1667,6.2816,4.2493,10.7156,21.2465,16.9972,21.246499999999997,True,3.552713678800501e-15,9,Spring
train/ID1559189397.jpg,2015-05-07,NSW,Lucerne,0.56,23.0,0.0,1.0805,22.4195,23.5,22.4195,23.5,True,0.0,5,Autumn
train/ID1563418511.jpg,2015-02-24,NSW,Phalaris,0.7,34.0,0.0,4.5904,107.1096,111.7,107.1096,111.7,True,0.0,2,Summer
train/ID1570190541.jpg,2015-11-09,Tas,Clover,0.55,2.3333,16.6157,7.8376,0.1568,24.61,16.7724,24.6101,False,9.999999999976694e-05,11,Spring
train/ID1573329652.jpg,2015-01-15,NSW,Fescue_CrumbWeed,0.61,6.0,0.0,19.2015,22.2985,41.5,22.2985,41.5,True,0.0,1,Summer
train/ID1574125908.jpg,2015-02-24,NSW,Ryegrass,0.42,7.0,0.0,3.5379,43.1621,46.7,43.1621,46.7,True,0.0,2,Summer
train/ID157479394.jpg,2015-02-24,NSW,Phalaris,0.69,37.0,0.0,4.8579,129.3421,134.2,129.3421,134.2,True,0.0,2,Summer
train/ID1579942839.jpg,2015-09-04,Tas,Clover,0.66,2.5,14.886,2.6661,3.3327,20.8848,18.2186,20.8848,True,0.0,9,Spring
train/ID158170916.jpg,2015-11-10,Tas,Ryegrass_Clover,0.91,8.8333,5.3547,33.0205,69.6107,107.9859,74.9654,107.98589999999999,True,1.4210854715202004e-14,11,Spring
train/ID1590632667.jpg,2015-11-09,Tas,Ryegrass_Clover,0.7,3.8333,3.1807,24.2887,31.2284,58.6978,34.4091,58.6978,True,0.0,11,Spring
train/ID1618145129.jpg,2015-11-10,Tas,Ryegrass_Clover,0.84,4.1667,0.0,10.3826,37.1257,47.5083,37.1257,47.508300000000006,True,7.105427357601002e-15,11,Spring
train/ID1618597318.jpg,2015-09-03,Tas,Ryegrass_Clover,0.65,2.1667,1.1195,2.239,33.0259,36.3845,34.1454,36.3844,False,0.00010000000000331966,9,Spring
train/ID1620371305.jpg,2015-09-30,Vic,Phalaris_Clover,0.79,10.0,17.0913,6.4092,57.0895,80.59,74.1808,80.59,True,0.0,9,Spring
train/ID162394992.jpg,2015-02-24,NSW,Ryegrass,0.61,9.0,0.0,1.8459,47.2541,49.1,47.2541,49.1,True,0.0,2,Summer
train/ID1623964968.jpg,2015-11-09,Tas,Ryegrass_Clover,0.44,2.3333,10.0977,21.4983,19.5439,51.1398,29.6415,51.1399,False,9.999999999621423e-05,11,Spring
train/ID1624268863.jpg,2015-01-15,NSW,Fescue_CrumbWeed,0.56,4.0,0.0,10.168,22.932,33.1,22.932,33.099999999999994,True,7.105427357601002e-15,1,Summer
train/ID1634731537.jpg,2015-11-09,Tas,Clover,0.64,3.3333,19.9619,6.8619,0.0,26.8238,19.9619,26.8238,True,0.0,11,Spring
train/ID1638922597.jpg,2015-06-29,Tas,WhiteClover,0.65,3.0,10.5353,21.3479,0.2772,32.1605,10.8126,32.160399999999996,False,0.00010000000000331966,6,Winter
train/ID1645161155.jpg,2015-09-04,Tas,Ryegrass_Clover,0.7,4.5,0.0,40.6841,19.0515,59.7356,19.0516,59.735600000000005,True,7.105427357601002e-15,9,Spring
train/ID1655778545.jpg,2015-05-07,NSW,Fescue,0.62,5.0,0.0,17.0357,30.6643,47.7,30.6643,47.7,True,0.0,5,Autumn
train/ID1665142816.jpg,2015-07-01,Vic,Phalaris_Clover,0.73,4.0,3.7714,4.7143,24.5143,33.0,28.2857,33.0,True,0.0,7,Winter
train/ID1667778338.jpg,2015-08-14,Vic,Ryegrass_Clover,0.77,5.0,3.9,9.75,29.25,42.9,33.15,42.9,True,0.0,8,Winter
train/ID1671844336.jpg,2015-06-26,Tas,Ryegrass_Clover,0.68,3.0,0.8024,8.4248,12.0354,21.2625,12.8377,21.2626,False,9.999999999976694e-05,6,Winter
train/ID1675365449.jpg,2015-09-30,Vic,Phalaris_Clover,0.79,16.0,1.4833,12.2372,89.7395,103.46,91.2228,103.46000000000001,True,1.4210854715202004e-14,9,Spring
train/ID1680597197.jpg,2015-02-25,NSW,Fescue,0.69,12.0,0.0,8.6171,84.1829,92.8,84.1829,92.80000000000001,True,1.4210854715202004e-14,2,Summer
train/ID1692894460.jpg,2015-11-09,Tas,Clover,0.69,3.5,30.1768,14.7741,0.3143,45.2652,30.4912,45.26520000000001,True,7.105427357601002e-15,11,Spring
train/ID1693880739.jpg,2015-06-26,Vic,Phalaris_Ryegrass_Clover,0.85,4.0,0.0,4.7385,30.4615,35.2,30.4615,35.2,True,0.0,6,Winter
train/ID1703304524.jpg,2015-11-10,Tas,Ryegrass_Clover,0.86,7.0,2.5821,46.4778,47.7689,96.8288,50.351,96.8288,True,0.0,11,Spring
train/ID1717006117.jpg,2015-10-14,Vic,Phalaris_Clover_Ryegrass_Barleygrass_Bromegrass,0.57,6.1667,18.0129,18.9135,32.8735,69.8,50.8865,69.79990000000001,False,9.99999999891088e-05,10,Spring
train/ID1729002155.jpg,2015-10-06,NSW,Fescue,0.34,5.6667,0.0,20.7462,19.8538,40.6,19.8538,40.6,True,0.0,10,Spring
train/ID1746343319.jpg,2015-11-09,Tas,Ryegrass_Clover,0.35,2.5,0.6,18.0,6.9,25.5,7.5,25.5,True,0.0,11,Spring
train/ID1753847361.jpg,2015-09-30,Vic,Phalaris_Clover,0.83,17.0,34.9938,3.5437,51.2725,89.81,86.2663,89.81,True,0.0,9,Spring
train/ID1761544403.jpg,2015-08-21,WA,Clover,0.54,1.0,32.64,0.0,0.0,32.64,32.64,32.64,True,0.0,8,Winter
train/ID1781353117.jpg,2015-05-18,Tas,Ryegrass,0.69,4.0,1.7583,11.0291,15.185,27.9724,16.9433,27.9724,True,0.0,5,Autumn
train/ID1782509721.jpg,2015-10-06,NSW,Fescue,0.39,8.0,0.0,26.2626,30.1374,56.4,30.1374,56.4,True,0.0,10,Spring
train/ID1782608354.jpg,2015-09-01,WA,Ryegrass,0.81,17.0,0.07,0.0,72.1,72.17,72.17,72.16999999999999,True,1.4210854715202004e-14,9,Spring
train/ID1783499590.jpg,2015-06-26,Vic,Ryegrass,0.8,5.5,1.1385,18.2154,13.6615,33.0154,14.8,33.0154,True,0.0,6,Winter
train/ID1784585001.jpg,2015-11-09,Tas,Clover,0.8,4.5,35.0394,12.3111,3.788,51.1386,38.8275,51.13849999999999,False,0.00010000000000331966,11,Spring
train/ID1789265307.jpg,2015-11-09,Tas,Clover,0.87,7.1667,69.8783,19.3509,1.0751,90.3042,70.9533,90.3043,False,0.00010000000000331966,11,Spring
train/ID1789834546.jpg,2015-10-14,Vic,Phalaris_Clover_Ryegrass_Barleygrass_Bromegrass,0.52,4.1667,6.5244,14.8756,21.4,42.8,27.9244,42.8,True,0.0,10,Spring
train/ID1789853061.jpg,2015-08-18,Vic,Phalaris_Clover,0.87,5.2,12.9283,7.5415,36.6302,57.1,49.5585,57.1,True,0.0,8,Winter
train/ID1831254380.jpg,2015-11-09,Tas,Clover,0.84,5.3333,71.7865,15.758,0.8754,88.42,72.662,88.4199,False,0.00010000000000331966,11,Spring
train/ID1839139621.jpg,2015-05-18,Tas,Ryegrass,0.8,8.0,0.0,10.3894,31.5263,41.9157,31.5264,41.9157,True,0.0,5,Autumn
train/ID1853508321.jpg,2015-09-03,Tas,Ryegrass_Clover,0.45,1.6667,0.0,1.1786,28.5232,29.7018,28.5232,29.7018,True,0.0,9,Spring
train/ID1857489997.jpg,2015-07-01,Vic,Phalaris_Clover,0.66,3.0,2.3478,2.3478,13.3043,18.0,15.6522,17.9999,False,9.999999999976694e-05,7,Winter
train/ID1859251563.jpg,2015-01-15,NSW,Lucerne,0.83,70.0,0.0,6.9,119.6,126.5,119.6,126.5,True,0.0,1,Summer
train/ID1859792585.jpg,2015-05-18,Tas,Ryegrass,0.62,4.0,0.7708,30.83,22.6087,54.2095,23.3794,54.2095,True,0.0,5,Autumn
train/ID1868719645.jpg,2015-07-02,Vic,Ryegrass_Clover,0.77,4.0,4.8348,2.4174,20.5478,27.8,25.3826,27.799999999999997,True,3.552713678800501e-15,7,Winter
train/ID187238869.jpg,2015-09-29,Vic,Ryegrass_Clover,0.75,4.0,11.8881,2.972,28.9098,43.77,40.798,43.7699,False,0.00010000000000331966,9,Spring
train/ID1874904894.jpg,2015-10-13,Vic,Phalaris_BarleyGrass_SilverGrass_SpearGrass_Clover_Capeweed,0.3,3.0,0.0,29.1542,4.1458,33.3,4.1458,33.3,True,0.0,10,Spring
train/ID1876271942.jpg,2015-02-24,NSW,Ryegrass,0.68,10.0,0.0,8.3614,47.9386,56.3,47.9386,56.3,True,0.0,2,Summer
train/ID1880764911.jpg,2015-05-18,Tas,Ryegrass,0.52,5.0,5.9821,21.9343,15.1546,43.0709,21.1367,43.071,False,9.999999999621423e-05,5,Autumn
train/ID1888700589.jpg,2015-07-08,WA,Clover,0.64,2.0,1.62,0.0,20.9,22.52,22.52,22.52,True,0.0,7,Winter
train/ID1889150649.jpg,2015-09-01,WA,SubcloverLosa,0.32,1.0,2.48,0.0,0.0,2.48,2.48,2.48,True,0.0,9,Spring
train/ID1894998379.jpg,2015-10-13,Vic,Phalaris_BarleyGrass_SilverGrass_SpearGrass_Clover_Capeweed,0.42,4.3,13.4778,35.0985,8.4236,57.0,21.9015,56.999900000000004,False,9.999999999621423e-05,10,Spring
train/ID1899025384.jpg,2015-06-26,Tas,Ryegrass_Clover,0.7,4.0,0.4133,8.6803,11.1604,20.254,11.5737,20.253999999999998,True,3.552713678800501e-15,6,Winter
train/ID1920959057.jpg,2015-07-02,Vic,Ryegrass_Clover,0.74,3.0,3.5619,2.6714,12.4667,18.7,16.0286,18.7,True,0.0,7,Winter
train/ID193102215.jpg,2015-04-01,NSW,Lucerne,0.66,32.0,0.0,0.0,22.8,22.8,22.8,22.8,True,0.0,4,Autumn
train/ID1946311744.jpg,2015-09-29,Vic,Ryegrass_Clover,0.83,8.0,28.5594,2.8017,40.3989,71.76,68.9583,71.75999999999999,True,1.4210854715202004e-14,9,Spring
train/ID194823383.jpg,2015-07-08,WA,Clover,0.66,3.0,4.91,0.0,20.8,25.71,25.71,25.71,True,0.0,7,Winter
train/ID1948354837.jpg,2015-01-15,NSW,Fescue_CrumbWeed,0.63,5.0,0.0,14.4659,19.0341,33.5,19.0341,33.5,True,0.0,1,Summer
train/ID1952813879.jpg,2015-06-26,Vic,Ryegrass,0.68,3.5,0.5875,8.225,3.525,12.3375,4.1125,12.3375,True,0.0,6,Winter
train/ID1953171547.jpg,2015-09-04,Tas,Ryegrass_Clover,0.44,5.5,0.692,58.7479,15.989,75.4289,16.681,75.4289,True,0.0,9,Spring
train/ID1953218650.jpg,2015-11-10,Tas,Ryegrass_Clover,0.5,3.1667,3.8,5.2,6.7,15.7,10.5,15.7,True,0.0,11,Spring
train/ID1954669045.jpg,2015-06-30,Vic,Phalaris_Clover,0.78,2.8,6.859,10.469,18.772,36.1,25.631,36.099999999999994,True,7.105427357601002e-15,6,Winter
train/ID1962197151.jpg,2015-04-01,NSW,Lucerne,0.72,35.0,0.0,0.0,22.0,22.0,22.0,22.0,True,0.0,4,Autumn
train/ID1962379474.jpg,2015-11-10,Tas,Ryegrass_Clover,0.55,5.1667,1.4451,40.1734,17.341,58.9595,18.7861,58.9595,True,0.0,11,Spring
train/ID1963715583.jpg,2015-07-08,WA,Clover,0.16,1.0,0.34,0.0,0.7,1.04,1.04,1.04,True,0.0,7,Winter
train/ID196516535.jpg,2015-05-18,Tas,Ryegrass,0.45,3.0,0.5231,24.8461,9.0231,34.3923,9.5462,34.3923,True,0.0,5,Autumn
train/ID1970522802.jpg,2015-05-07,NSW,Fescue,0.55,4.0,0.0,13.5089,32.8911,46.4,32.8911,46.400000000000006,True,7.105427357601002e-15,5,Autumn
train/ID1976436386.jpg,2015-10-14,Vic,Phalaris_Clover_Ryegrass_Barleygrass_Bromegrass,0.52,6.0,7.9555,25.2703,26.6742,59.9,34.6297,59.9,True,0.0,10,Spring
train/ID1980675327.jpg,2015-06-26,Tas,Ryegrass_Clover,0.59,1.0,2.6598,9.0024,14.7312,26.3934,17.391,26.3934,True,0.0,6,Winter
train/ID1982662138.jpg,2015-04-01,NSW,Lucerne,0.79,33.0,0.0,1.1594,35.9406,37.1,35.9406,37.1,True,0.0,4,Autumn
train/ID1988033238.jpg,2015-08-18,Vic,Phalaris_Clover,0.76,3.2,4.8803,12.4718,21.1479,38.5,26.0282,38.5,True,0.0,8,Winter
train/ID1989506559.jpg,2015-11-10,Tas,Ryegrass_Clover,0.8,4.3333,15.202,8.1077,28.377,51.6867,43.579,51.6867,True,0.0,11,Spring
train/ID1993907137.jpg,2015-05-18,Tas,Ryegrass,0.5,3.0,0.1834,12.8356,15.9528,28.9718,16.1362,28.9718,True,0.0,5,Autumn
train/ID1997244125.jpg,2015-06-26,Tas,Ryegrass_Clover,0.4,3.0,0.0,46.0672,4.1536,50.2208,4.1536,50.2208,True,0.0,6,Winter
train/ID2002797732.jpg,2015-07-01,Vic,Phalaris_Clover,0.66,2.0,0.55,3.3,9.35,13.2,9.9,13.2,True,0.0,7,Winter
train/ID2003438517.jpg,2015-07-02,Vic,Ryegrass_Clover,0.74,4.0,5.2,2.08,13.52,20.8,18.72,20.8,True,0.0,7,Winter
train/ID2006686196.jpg,2015-10-14,Vic,Phalaris_Clover_Ryegrass_Barleygrass_Bromegrass,0.46,9.3333,0.0,38.8581,28.0419,66.9,28.0419,66.9,True,0.0,10,Spring
train/ID2010625680.jpg,2015-07-08,WA,Clover,0.75,3.0,37.5911,0.0,5.0589,42.65,42.65,42.65,True,0.0,7,Winter
train/ID2014192906.jpg,2015-06-26,Vic,Ryegrass,0.63,3.0,0.5,7.0,3.0,10.1912,3.5,10.5,False,0.30879999999999974,6,Winter
train/ID2030696575.jpg,2015-11-09,Tas,Clover,0.31,1.1667,2.1,2.6,1.6,6.3,3.7,6.300000000000001,True,8.881784197001252e-16,11,Spring
train/ID2037861084.jpg,2015-06-30,Vic,Phalaris_Clover,0.77,3.8,0.0,12.2169,28.6831,40.9,28.6831,40.9,True,0.0,6,Winter
train/ID2048645043.jpg,2015-06-26,Vic,Ryegrass,0.76,4.0,4.186,11.5116,10.4651,26.1628,14.6512,26.1627,False,9.999999999976694e-05,6,Winter
train/ID2052442675.jpg,2015-05-19,Tas,Ryegrass_Clover,0.43,2.0,0.0,2.7,14.5,17.2,14.5,17.2,True,0.0,5,Autumn
train/ID2052993274.jpg,2015-02-24,NSW,Phalaris,0.66,32.0,0.0,1.7764,103.6236,105.4,103.6236,105.39999999999999,True,1.4210854715202004e-14,2,Summer
train/ID2053315094.jpg,2015-02-25,NSW,Fescue,0.57,12.0,0.0,17.8111,50.8889,68.7,50.8889,68.7,True,0.0,2,Summer
train/ID2056023629.jpg,2015-02-25,NSW,Fescue,0.68,12.0,0.0,25.1357,57.6643,82.8,57.6643,82.8,True,0.0,2,Summer
train/ID2056982009.jpg,2015-09-29,Vic,Ryegrass_Clover,0.72,3.0,4.0868,1.5598,30.8534,36.5,34.9402,36.5,True,0.0,9,Spring
train/ID2069766023.jpg,2015-06-26,Tas,Ryegrass_Clover,0.44,5.0,1.8208,32.7742,6.1907,40.7857,8.0115,40.7857,True,0.0,6,Winter
train/ID2086966681.jpg,2015-06-29,Tas,WhiteClover,0.57,3.0,3.804,30.7245,1.7557,36.2842,5.5597,36.2842,True,0.0,6,Winter
train/ID2089023774.jpg,2015-09-29,Vic,Ryegrass_Clover,0.81,5.0,17.5189,1.3042,33.4869,52.31,51.0058,52.31,True,0.0,9,Spring
train/ID2091439402.jpg,2015-06-26,Vic,Phalaris_Ryegrass_Clover,0.82,3.5,1.0962,4.9327,22.4712,28.5,23.5673,28.5001,False,9.999999999976694e-05,6,Winter
train/ID2096636211.jpg,2015-10-13,Vic,Phalaris_BarleyGrass_SilverGrass_SpearGrass_Clover_Capeweed,0.38,2.8,2.6,32.2,11.4,46.2,14.0,46.2,True,0.0,10,Spring
train/ID2099464826.jpg,2015-10-06,NSW,Fescue,0.65,10.6667,0.0,25.28,69.52,94.8,69.52,94.8,True,0.0,10,Spring
train/ID2099742797.jpg,2015-07-02,Vic,Ryegrass_Clover,0.75,2.0,4.14,1.38,15.18,20.7,19.32,20.7,True,0.0,7,Winter
train/ID210865340.jpg,2015-07-01,Tas,Ryegrass,0.67,4.0,0.0,9.0731,12.9966,22.0697,12.9966,22.0697,True,0.0,7,Winter
train/ID212206250.jpg,2015-07-08,WA,Clover,0.3,1.0,7.32,0.0,2.4,9.72,9.72,9.72,True,0.0,7,Winter
train/ID212206832.jpg,2015-06-26,Vic,Ryegrass,0.75,3.0,0.7014,13.3262,5.6924,19.72,6.3938,19.72,True,0.0,6,Winter
train/ID2125100696.jpg,2015-08-14,Vic,Phalaris_Clover,0.8,5.0,14.8364,4.9455,34.6182,54.4,49.4545,54.4001,False,0.00010000000000331966,8,Winter
train/ID2131261930.jpg,2015-11-09,Tas,Ryegrass_Clover,0.73,4.5,6.744,42.7122,31.4721,80.9283,38.2161,80.92830000000001,True,1.4210854715202004e-14,11,Spring
train/ID21377800.jpg,2015-06-26,Tas,Ryegrass_Clover,0.59,4.0,0.48,28.3224,9.1208,37.9232,9.6008,37.923199999999994,True,7.105427357601002e-15,6,Winter
train/ID2145635095.jpg,2015-07-01,Tas,Ryegrass,0.73,6.0,0.0,17.5621,22.7022,40.2643,22.7022,40.264300000000006,True,7.105427357601002e-15,7,Winter
train/ID227847873.jpg,2015-09-29,Vic,Ryegrass_Clover,0.71,3.0,8.6387,7.5836,23.9377,40.16,32.5764,40.16,True,0.0,9,Spring
train/ID230058600.jpg,2015-08-21,WA,Clover,0.67,3.0,46.83,0.0,0.0,46.83,46.83,46.83,True,0.0,8,Winter
train/ID249042826.jpg,2015-09-04,Tas,Clover,0.53,2.8333,10.6616,3.8769,1.8,16.3385,12.4615,16.3385,True,0.0,9,Spring
train/ID257822026.jpg,2015-11-10,Tas,Ryegrass_Clover,0.59,7.1667,0.0,58.125,24.0,82.125,24.0,82.125,True,0.0,11,Spring
train/ID290369222.jpg,2015-05-18,Tas,Ryegrass,0.85,8.0,0.0,11.4741,40.8478,52.3219,40.8478,52.3219,True,0.0,5,Autumn
train/ID294150104.jpg,2015-09-29,Vic,Ryegrass_Clover,0.78,3.0,13.9876,3.167,20.5855,37.74,34.573,37.7401,False,9.999999999621423e-05,9,Spring
train/ID307060225.jpg,2015-06-26,Tas,Ryegrass_Clover,0.53,2.0,0.3031,15.6092,14.2453,30.1575,14.5484,30.157600000000002,False,0.00010000000000331966,6,Winter
train/ID315357834.jpg,2015-07-01,Tas,Ryegrass,0.83,6.0,0.0,5.7792,27.2448,33.024,27.2448,33.024,True,0.0,7,Winter
train/ID317990700.jpg,2015-09-04,Tas,Ryegrass_Clover,0.75,5.5,0.0,38.1288,27.5062,65.635,27.5062,65.63499999999999,True,1.4210854715202004e-14,9,Spring
train/ID325799913.jpg,2015-10-13,Vic,Phalaris_BarleyGrass_SilverGrass_SpearGrass_Clover_Capeweed,0.37,3.2,2.797,19.2502,11.3527,33.4,14.1498,33.3999,False,9.999999999621423e-05,10,Spring
train/ID332742639.jpg,2015-08-18,Vic,Phalaris_Clover,0.77,2.5,6.4127,3.3949,19.9924,29.8,26.4051,29.8,True,0.0,8,Winter
train/ID342818398.jpg,2015-09-29,Vic,Ryegrass_Clover,0.72,3.0,24.0237,3.1815,13.8948,41.1,37.9185,41.1,True,0.0,9,Spring
train/ID344618040.jpg,2015-05-18,Tas,Ryegrass,0.6,4.0,0.0,6.7327,14.9081,21.6408,14.9081,21.6408,True,0.0,5,Autumn
train/ID353424190.jpg,2015-02-25,NSW,Fescue,0.41,6.0,0.0,6.2143,22.7857,29.0,22.7857,29.0,True,0.0,2,Summer
train/ID353997899.jpg,2015-06-30,Vic,Phalaris_Clover,0.68,3.0,9.5934,35.7574,7.8492,53.2,17.4426,53.2,True,0.0,6,Winter
train/ID354528442.jpg,2015-02-24,NSW,Ryegrass,0.68,10.0,0.0,8.3077,56.4923,64.8,56.4923,64.8,True,0.0,2,Summer
train/ID363069566.jpg,2015-05-19,Tas,Ryegrass_Clover,0.68,3.0,0.2,5.5,12.5,18.2,12.7,18.2,True,0.0,5,Autumn
train/ID364856705.jpg,2015-09-03,Tas,Ryegrass_Clover,0.85,3.3333,2.7638,4.6064,34.0871,41.4573,36.8509,41.4573,True,0.0,9,Spring
train/ID380752847.jpg,2015-09-01,WA,Ryegrass,0.81,14.0,0.0,0.0,58.98,58.98,58.98,58.98,True,0.0,9,Spring
train/ID383231615.jpg,2015-06-26,Vic,Phalaris_Ryegrass_Clover,0.86,4.0,3.1698,5.7057,24.7245,33.6,27.8943,33.6,True,0.0,6,Winter
train/ID384648061.jpg,2015-10-06,NSW,Fescue,0.85,14.6667,0.0,27.7164,157.9836,185.7,157.9836,185.7,True,0.0,10,Spring
train/ID386216505.jpg,2015-08-14,Vic,Phalaris_Clover,0.63,4.0,3.0667,7.6667,21.4667,32.2,24.5333,32.2001,False,9.999999999621423e-05,8,Winter
train/ID397994621.jpg,2015-05-07,NSW,Fescue,0.86,9.0,0.0,0.0,81.0,81.0,81.0,81.0,True,0.0,5,Autumn
train/ID407646960.jpg,2015-02-25,NSW,Fescue,0.59,11.0,0.0,35.5862,71.9138,107.5,71.9138,107.5,True,0.0,2,Summer
train/ID40849327.jpg,2015-08-21,WA,Clover,0.81,4.0,51.97,0.0,0.0,51.97,51.97,51.97,True,0.0,8,Winter
train/ID415656958.jpg,2015-06-26,Vic,Ryegrass,0.71,4.0,1.0707,11.2424,4.8182,17.1313,5.8889,17.1313,True,0.0,6,Winter
train/ID423506847.jpg,2015-08-18,Vic,Phalaris_Clover,0.84,5.0,0.9821,10.8036,43.2143,55.0,44.1964,55.0,True,0.0,8,Winter
train/ID429799190.jpg,2015-10-13,Vic,Phalaris_BarleyGrass_SilverGrass_SpearGrass_Clover_Capeweed,0.44,4.5,5.9241,21.8114,16.9645,44.7,22.8886,44.7,True,0.0,10,Spring
train/ID431471530.jpg,2015-04-01,NSW,Lucerne,0.78,32.0,0.0,1.2764,45.5236,46.8,45.5236,46.800000000000004,True,7.105427357601002e-15,4,Autumn
train/ID443091455.jpg,2015-10-14,Vic,Phalaris_Clover_Ryegrass_Barleygrass_Bromegrass,0.66,4.6667,22.2594,11.9858,26.2547,60.5,48.5142,60.4999,False,0.00010000000000331966,10,Spring
train/ID4464212.jpg,2015-05-18,Tas,Ryegrass,0.87,6.0,2.3192,8.1172,28.4103,38.8467,30.7295,38.8467,True,0.0,5,Autumn
train/ID471758347.jpg,2015-08-14,Vic,Phalaris_Clover,0.74,6.0,0.0,3.3222,26.5778,29.9,26.5778,29.9,True,0.0,8,Winter
train/ID473494649.jpg,2015-09-01,WA,SubcloverDalkeith,0.54,1.0,10.88,0.0,0.0,10.88,10.88,10.88,True,0.0,9,Spring
train/ID475010202.jpg,2015-09-01,WA,SubcloverLosa,0.71,1.0,36.76,0.0,0.0,36.76,36.76,36.76,True,0.0,9,Spring
train/ID482555369.jpg,2015-07-01,Tas,Ryegrass,0.34,3.0,0.0,15.9,2.5,18.4,2.5,18.4,True,0.0,7,Winter
train/ID48303557.jpg,2015-06-26,Tas,Ryegrass_Clover,0.8,4.0,0.0,13.2399,60.0887,73.3286,60.0887,73.32860000000001,True,1.4210854715202004e-14,6,Winter
train/ID488873801.jpg,2015-06-26,Tas,Ryegrass_Clover,0.62,2.0,0.7552,8.3076,22.9088,31.9716,23.664,31.971600000000002,True,3.552713678800501e-15,6,Winter
train/ID490139972.jpg,2015-05-18,Tas,Ryegrass,0.79,9.0,0.0,9.9537,35.9864,45.9401,35.9864,45.9401,True,0.0,5,Autumn
train/ID498304885.jpg,2015-05-07,NSW,Lucerne,0.67,24.0,0.0,7.4132,22.4868,29.9,22.4868,29.9,True,0.0,5,Autumn
train/ID50027657.jpg,2015-08-14,Vic,Phalaris_Clover,0.76,4.0,7.2429,3.6214,39.8357,50.7,47.0786,50.7,True,0.0,8,Winter
train/ID520514019.jpg,2015-07-02,Vic,Ryegrass_Clover,0.73,3.0,1.687,3.3739,14.3391,19.4,16.0261,19.4,True,0.0,7,Winter
train/ID528010569.jpg,2015-08-18,Vic,Phalaris_Clover,0.85,3.8,7.1746,7.1746,30.8508,45.2,38.0254,45.2,True,0.0,8,Winter
train/ID529933668.jpg,2015-08-18,Vic,Phalaris_Clover,0.82,6.3,4.0159,7.2286,39.3556,50.6,43.3714,50.600100000000005,False,0.00010000000000331966,8,Winter
train/ID534966093.jpg,2015-08-14,Vic,Ryegrass_Clover,0.75,4.0,7.6364,7.6364,26.7273,42.0,34.3636,42.0001,False,0.00010000000000331966,8,Winter
train/ID54128926.jpg,2015-11-10,Tas,Ryegrass_Clover,0.77,6.8333,0.0,24.4653,39.1446,63.6099,39.1446,63.609899999999996,True,7.105427357601002e-15,11,Spring
train/ID544444725.jpg,2015-10-06,NSW,Fescue,0.59,13.0,0.0,44.5775,60.9225,105.5,60.9225,105.5,True,0.0,10,Spring
train/ID545360459.jpg,2015-09-01,WA,Ryegrass,0.71,10.0,0.0,0.0,47.73,47.73,47.73,47.73,True,0.0,9,Spring
train/ID550623196.jpg,2015-09-03,Tas,Ryegrass_Clover,0.67,1.5,1.581,4.1107,15.9684,21.6601,17.5494,21.6601,True,0.0,9,Spring
train/ID552040066.jpg,2015-02-24,NSW,Phalaris,0.37,7.0,0.0,6.592,24.108,30.7,24.108,30.7,True,0.0,2,Summer
train/ID554314721.jpg,2015-01-15,NSW,Lucerne,0.69,49.0,0.0,2.7,50.9,53.6,50.9,53.6,True,0.0,1,Summer
train/ID560946727.jpg,2015-09-11,Tas,Ryegrass,0.74,3.6667,0.0,13.0842,21.0896,34.1738,21.0896,34.1738,True,0.0,9,Spring
train/ID566966892.jpg,2015-07-01,Vic,Phalaris_Clover,0.66,3.0,0.9714,3.8857,15.5429,20.4,16.5143,20.4,True,0.0,7,Winter
train/ID567744300.jpg,2015-09-03,Tas,Ryegrass_Clover,0.57,2.3333,0.0,2.1953,20.6355,22.8308,20.6355,22.8308,True,0.0,9,Spring
train/ID572336285.jpg,2015-11-09,Tas,Ryegrass_Clover,0.68,3.0,22.5242,26.1571,18.8913,67.5726,41.4155,67.5726,True,0.0,11,Spring
train/ID574213894.jpg,2015-11-10,Tas,Ryegrass_Clover,0.88,8.0,31.2684,28.8632,25.6561,85.7877,56.9246,85.7877,True,0.0,11,Spring
train/ID576137678.jpg,2015-07-01,Tas,Ryegrass,0.59,4.0,0.0,33.0159,12.6389,45.6548,12.6389,45.6548,True,0.0,7,Winter
train/ID576621307.jpg,2015-01-15,NSW,Lucerne,0.73,63.0,0.0,2.4,60.2,62.6,60.2,62.6,True,0.0,1,Summer
train/ID577112774.jpg,2015-09-01,WA,SubcloverDalkeith,0.49,1.0,10.23,0.0,0.0,10.23,10.23,10.23,True,0.0,9,Spring
train/ID587125778.jpg,2015-06-29,Tas,WhiteClover,0.54,2.0,4.0911,25.3648,1.6364,31.0923,5.7275,31.0923,True,0.0,6,Winter
train/ID588120964.jpg,2015-10-06,NSW,Fescue,0.68,17.6667,0.0,35.1746,83.9254,119.1,83.9254,119.1,True,0.0,10,Spring
train/ID600602588.jpg,2015-08-14,Vic,Phalaris_Clover,0.73,4.0,2.1111,2.1111,33.7778,38.0,35.8889,38.0,True,0.0,8,Winter
train/ID605134229.jpg,2015-06-26,Tas,Ryegrass_Clover,0.63,2.0,3.6166,3.6166,3.3755,10.6087,6.9921,10.6087,True,0.0,6,Winter
train/ID610397481.jpg,2015-07-08,WA,Clover,0.62,1.0,20.6513,0.0,3.0787,23.73,23.73,23.73,True,0.0,7,Winter
train/ID617132135.jpg,2015-05-19,Tas,Ryegrass_Clover,0.47,3.0,0.8,4.7,11.1,16.6,11.9,16.6,True,0.0,5,Autumn
train/ID61833032.jpg,2015-06-30,Vic,Phalaris_Clover,0.8,4.8,0.0,19.6123,41.4877,61.1,41.4877,61.099999999999994,True,7.105427357601002e-15,6,Winter
train/ID6269659.jpg,2015-11-09,Tas,Clover,0.75,4.8333,35.9533,16.3424,2.3346,54.6304,38.2879,54.6303,False,0.00010000000000331966,11,Spring
train/ID629980789.jpg,2015-07-01,Vic,Phalaris_Clover,0.77,6.0,1.6069,8.0345,36.9586,46.6,38.5655,46.599999999999994,True,7.105427357601002e-15,7,Winter
train/ID633775166.jpg,2015-10-13,Vic,Phalaris_BarleyGrass_SilverGrass_SpearGrass_Clover_Capeweed,0.36,4.3,2.812,23.277,7.8111,33.9,10.623,33.9001,False,0.00010000000000331966,10,Spring
train/ID638711343.jpg,2015-05-18,Tas,Ryegrass,0.76,7.0,0.0,4.3212,31.3284,35.6496,31.3285,35.6496,True,0.0,5,Autumn
train/ID656251220.jpg,2015-09-11,Tas,Ryegrass,0.58,2.8333,3.7538,5.3961,6.3606,15.5104,10.1143,15.510499999999999,False,9.999999999799059e-05,9,Spring
train/ID657448172.jpg,2015-06-29,Tas,WhiteClover,0.39,1.0,1.6,2.9,0.2,4.7,1.8,4.7,True,0.0,6,Winter
train/ID661372352.jpg,2015-07-08,WA,Clover,0.26,1.0,0.0,0.0,10.4,10.4,10.4,10.4,True,0.0,7,Winter
train/ID661817669.jpg,2015-07-01,Vic,Phalaris_Clover,0.7,3.0,1.4577,13.1192,23.3231,37.9,24.7808,37.9,True,0.0,7,Winter
train/ID663006174.jpg,2015-01-15,NSW,Lucerne,0.66,49.0,0.0,5.8,44.6,50.4,44.6,50.4,True,0.0,1,Summer
train/ID667059550.jpg,2015-08-14,Vic,Phalaris_Clover,0.79,9.0,8.1529,8.1529,52.9941,69.3,61.1471,69.29990000000001,False,9.99999999891088e-05,8,Winter
train/ID668330410.jpg,2015-09-11,Tas,Ryegrass,0.82,5.3333,0.0,19.0828,28.9181,48.0009,28.9181,48.0009,True,0.0,9,Spring
train/ID668475812.jpg,2015-05-07,NSW,Lucerne,0.78,42.0,0.0,52.9301,34.0699,87.0,34.0699,87.0,True,0.0,5,Autumn
train/ID670276799.jpg,2015-01-15,NSW,Fescue_CrumbWeed,0.66,6.0,0.0,23.1943,21.9057,45.1,21.9057,45.099999999999994,True,7.105427357601002e-15,1,Summer
train/ID679913293.jpg,2015-06-26,Tas,Ryegrass_Clover,0.53,3.0,0.2146,14.3782,6.6526,21.2454,6.8672,21.2454,True,0.0,6,Winter
train/ID681680726.jpg,2015-08-21,WA,Clover,0.66,1.0,45.85,0.0,0.0,45.85,45.85,45.85,True,0.0,8,Winter
train/ID684062938.jpg,2015-10-06,NSW,Fescue,0.6,14.3333,0.0,33.5863,73.0137,106.6,73.0137,106.6,True,0.0,10,Spring
train/ID684383343.jpg,2015-10-14,Vic,Phalaris_Clover_Ryegrass_Barleygrass_Bromegrass,0.48,4.5,11.7404,16.7719,19.2877,47.8,31.0281,47.8,True,0.0,10,Spring
train/ID686797154.jpg,2015-09-03,Tas,Ryegrass_Clover,0.8,2.5,3.5026,5.2539,23.6424,32.3988,27.145,32.3989,False,9.999999999621423e-05,9,Spring
train/ID697059386.jpg,2015-06-29,Tas,WhiteClover,0.67,2.0,10.9589,7.8827,0.769,19.6107,11.728,19.610599999999998,False,0.00010000000000331966,6,Winter
train/ID697718693.jpg,2015-08-21,WA,Clover,0.81,4.0,58.88,0.0,0.0,58.88,58.88,58.88,True,0.0,8,Winter
train/ID698608346.jpg,2015-02-25,NSW,Fescue,0.55,8.0,0.0,19.8809,38.5191,58.4,38.5191,58.400000000000006,True,7.105427357601002e-15,2,Summer
train/ID706288721.jpg,2015-07-01,Tas,Ryegrass,0.8,7.0,0.0,8.8161,27.0782,35.8943,27.0781,35.8943,True,0.0,7,Winter
train/ID710341728.jpg,2015-01-15,NSW,Fescue_CrumbWeed,0.84,11.0,0.0,7.9809,53.5191,61.5,53.5191,61.5,True,0.0,1,Summer
train/ID71885430.jpg,2015-02-25,NSW,Fescue,0.68,18.0,0.0,18.566,79.834,98.4,79.834,98.4,True,0.0,2,Summer
train/ID72895391.jpg,2015-07-02,Vic,Ryegrass_Clover,0.7,2.0,1.9867,3.9733,8.94,14.9,10.9267,14.899999999999999,True,1.7763568394002505e-15,7,Winter
train/ID740402124.jpg,2015-09-30,Vic,Phalaris_Clover,0.76,8.0,18.1624,6.3568,40.0708,64.59,58.2332,64.59,True,0.0,9,Spring
train/ID742198710.jpg,2015-05-18,Tas,Ryegrass,0.83,10.0,0.0,13.8443,40.1485,53.9928,40.1485,53.9928,True,0.0,5,Autumn
train/ID743847993.jpg,2015-06-30,Vic,Phalaris_Clover,0.81,4.6,0.0,17.6378,32.5622,50.2,32.5622,50.199999999999996,True,7.105427357601002e-15,6,Winter
train/ID746335827.jpg,2015-10-06,NSW,Fescue,0.75,24.3333,0.0,53.2603,112.8397,166.1,112.8397,166.1,True,0.0,10,Spring
train/ID748979397.jpg,2015-11-09,Tas,Clover,0.77,3.8333,43.2687,18.1125,0.0,61.3813,43.2687,61.38120000000001,False,9.999999999621423e-05,11,Spring
train/ID750820644.jpg,2015-05-18,Tas,Ryegrass,0.74,5.0,0.0,38.9588,28.2559,67.2147,28.2558,67.2147,True,0.0,5,Autumn
train/ID751517087.jpg,2015-08-18,Vic,Phalaris_Clover,0.86,5.2,16.73,11.95,43.02,71.7,59.75,71.7,True,0.0,8,Winter
train/ID753699705.jpg,2015-02-24,NSW,Ryegrass,0.74,13.0,0.0,8.1541,72.6459,80.8,72.6459,80.8,True,0.0,2,Summer
train/ID755710743.jpg,2015-09-11,Tas,Ryegrass,0.67,2.0,2.1841,8.2099,8.4829,18.877,10.667,18.8769,False,9.999999999976694e-05,9,Spring
train/ID761508093.jpg,2015-06-26,Vic,Mixed,0.66,4.0,0.0,30.8,20.5333,51.3333,20.5333,51.3333,True,0.0,6,Winter
train/ID779628955.jpg,2015-09-01,WA,SubcloverLosa,0.79,1.0,47.32,0.0,0.0,47.32,47.32,47.32,True,0.0,9,Spring
train/ID7850481.jpg,2015-09-01,WA,SubcloverLosa,0.69,1.0,19.57,0.0,0.0,19.57,19.57,19.57,True,0.0,9,Spring
train/ID786365141.jpg,2015-05-18,Tas,Ryegrass,0.41,3.0,0.0,3.3,6.8,10.1,6.8,10.1,True,0.0,5,Autumn
train/ID789169173.jpg,2015-04-01,NSW,Lucerne,0.86,37.0,0.0,1.2264,77.8736,79.1,77.8736,79.1,True,0.0,4,Autumn
train/ID793526563.jpg,2015-09-29,Vic,Ryegrass_Clover,0.82,18.0,16.7414,4.5597,86.0889,107.39,102.8303,107.38999999999999,True,1.4210854715202004e-14,9,Spring
train/ID797502182.jpg,2015-07-01,Tas,Ryegrass,0.43,3.0,0.0,12.6079,6.9746,19.5825,6.9746,19.5825,True,0.0,7,Winter
train/ID799079114.jpg,2015-07-01,Tas,Ryegrass,0.53,4.0,0.0,19.7501,8.0022,27.7523,8.0022,27.752299999999998,True,3.552713678800501e-15,7,Winter
train/ID802547515.jpg,2015-05-19,Tas,Ryegrass_Clover,0.74,4.0,0.7525,14.5984,18.9629,34.3138,19.7154,34.3138,True,0.0,5,Autumn
train/ID803479541.jpg,2015-06-26,Tas,Ryegrass_Clover,0.55,2.0,1.0483,22.5374,16.2479,39.8335,17.2961,39.833600000000004,False,0.00010000000000331966,6,Winter
train/ID808079729.jpg,2015-09-03,Tas,Ryegrass_Clover,0.77,2.8333,5.6976,8.5464,22.1574,36.4014,27.855,36.401399999999995,True,7.105427357601002e-15,9,Spring
train/ID808093827.jpg,2015-11-10,Tas,Ryegrass_Clover,0.9,4.3333,19.6769,6.4251,25.2988,51.4008,44.9757,51.400800000000004,True,7.105427357601002e-15,11,Spring
train/ID8209776.jpg,2015-06-26,Vic,Phalaris_Ryegrass_Clover,0.8,3.0,9.9586,14.108,12.0333,36.1,21.992,36.099900000000005,False,9.999999999621423e-05,6,Winter
train/ID828217731.jpg,2015-06-26,Vic,Ryegrass,0.69,3.5,0.7978,8.7753,4.7865,14.3596,5.5843,14.3596,True,0.0,6,Winter
train/ID839432753.jpg,2015-09-04,Tas,Clover,0.77,3.6667,24.7968,2.7552,2.4108,29.9628,27.2076,29.9628,True,0.0,9,Spring
train/ID846154859.jpg,2015-09-04,Tas,Clover,0.62,2.8333,16.5413,7.8112,0.919,25.2715,17.4603,25.2715,True,0.0,9,Spring
train/ID846984946.jpg,2015-11-09,Tas,Ryegrass_Clover,0.3,1.1667,8.4,8.0,0.6,17.0,9.0,17.0,True,0.0,11,Spring
train/ID853954911.jpg,2015-06-26,Vic,Ryegrass,0.85,6.0,0.0,26.0,23.0,49.0,23.0,49.0,True,0.0,6,Winter
train/ID866684633.jpg,2015-07-08,WA,Clover,0.59,1.0,25.4228,0.0,6.4772,31.9,31.9,31.9,True,0.0,7,Winter
train/ID871463897.jpg,2015-01-15,NSW,Fescue_CrumbWeed,0.79,12.0,10.0981,19.3547,59.7472,89.2,69.8453,89.2,True,0.0,1,Summer
train/ID875119737.jpg,2015-08-14,Vic,Ryegrass_Clover,0.72,4.0,5.8,5.8,23.2,34.8,29.0,34.8,True,0.0,8,Winter
train/ID885388135.jpg,2015-07-02,Vic,Ryegrass_Clover,0.7,4.0,1.4353,4.3059,18.6588,24.4,20.0941,24.4,True,0.0,7,Winter
train/ID896386823.jpg,2015-09-11,Tas,Ryegrass,0.64,3.6667,2.0794,19.7543,12.9541,34.7878,15.0335,34.787800000000004,True,7.105427357601002e-15,9,Spring
train/ID900012207.jpg,2015-02-24,NSW,Ryegrass,0.58,11.0,0.0,28.0478,36.7522,64.8,36.7522,64.8,True,0.0,2,Summer
train/ID905397692.jpg,2015-09-30,Vic,Phalaris_Clover,0.84,13.0,30.9177,6.1407,36.2016,73.26,67.1193,73.25999999999999,True,1.4210854715202004e-14,9,Spring
train/ID908524512.jpg,2015-11-10,Tas,Ryegrass_Clover,0.78,3.1667,11.3043,4.2957,17.4087,33.0087,28.713,33.0087,True,0.0,11,Spring
train/ID914754166.jpg,2015-10-13,Vic,Phalaris_BarleyGrass_SilverGrass_SpearGrass_Clover_Capeweed,0.37,2.5,5.4849,14.6759,9.3392,29.5,14.8241,29.5,True,0.0,10,Spring
train/ID930534670.jpg,2015-06-26,Tas,Ryegrass_Clover,0.57,2.0,1.7333,10.5572,20.3265,32.6169,22.0598,32.617,False,9.999999999621423e-05,6,Winter
train/ID936984905.jpg,2015-07-01,Vic,Phalaris_Clover,0.79,5.0,4.2636,4.2636,38.3727,46.9,42.6364,46.8999,False,9.999999999621423e-05,7,Winter
train/ID94564238.jpg,2015-07-02,Vic,Ryegrass_Clover,0.71,2.0,3.9923,3.9923,9.3154,17.3,13.3077,17.3,True,0.0,7,Winter
train/ID950496197.jpg,2015-09-04,Tas,Clover,0.72,2.6667,17.743,3.2487,2.499,23.4907,20.242,23.490699999999997,True,3.552713678800501e-15,9,Spring
train/ID95050718.jpg,2015-06-26,Tas,Ryegrass_Clover,0.65,2.0,2.3081,15.0024,21.3496,38.66,23.6576,38.6601,False,0.00010000000000331966,6,Winter
train/ID956512130.jpg,2015-11-09,Tas,Ryegrass_Clover,0.19,1.0,0.0,1.9,2.4,4.3,2.4,4.3,True,0.0,11,Spring
train/ID963903358.jpg,2015-06-26,Vic,Mixed,0.65,3.0,0.0,29.9634,13.8293,43.7927,13.8293,43.792699999999996,True,7.105427357601002e-15,6,Winter
train/ID968643034.jpg,2015-11-10,Tas,Ryegrass_Clover,0.38,2.6667,1.5,7.6,9.0,18.1,10.5,18.1,True,0.0,11,Spring
train/ID969218269.jpg,2015-08-18,Vic,Phalaris_Clover,0.75,4.0,1.4235,13.5235,33.4529,48.4,34.8765,48.3999,False,9.999999999621423e-05,8,Winter
train/ID972274220.jpg,2015-11-10,Tas,Ryegrass_Clover,0.56,2.8333,7.4266,5.7388,7.8767,21.0421,15.3034,21.042099999999998,True,3.552713678800501e-15,11,Spring
train/ID975115267.jpg,2015-07-08,WA,Clover,0.73,3.0,40.03,0.0,0.8,40.83,40.83,40.83,True,0.0,7,Winter
train/ID978026131.jpg,2015-09-04,Tas,Clover,0.83,3.1667,24.6445,4.1948,12.0601,40.8994,36.7046,40.8994,True,0.0,9,Spring
train/ID980538882.jpg,2015-02-24,NSW,Phalaris,0.69,29.0,0.0,1.1457,91.6543,92.8,91.6543,92.80000000000001,True,1.4210854715202004e-14,2,Summer
train/ID980878870.jpg,2015-07-08,WA,Clover,0.74,2.0,32.3575,0.0,2.0325,34.39,34.39,34.39,True,0.0,7,Winter
train/ID983582017.jpg,2015-09-01,WA,Ryegrass,0.64,9.0,0.0,0.0,40.94,40.94,40.94,40.94,True,0.0,9,Spring
